karthick.0601,monish_mohan_raj,monish_mohan_raj
guhan_2718,srinith______,srinith______
thill_ai__,karthick.0601,karthick.0601
kiransanjana_subramanian,guhan_2718,guhan_2718
r_crazy_queen,thill_ai__,thill_ai__
naviiitect,kiransanjana_subramanian,kiransanjana_subramanian
kavi_441,r_crazy_queen,r_crazy_queen
kiruthickrohit_,naviiitect,naviiitect
_sajeesh_p_,kavi_441,kavi_441
allwin___kord,kiruthickrohit_,kiruthickrohit_
ya_iam_vicky,_sajeesh_p_,_sajeesh_p_
teddy.darlz,allwin___kord,allwin___kord
divya_ravi17,ya_iam_vicky,ya_iam_vicky
arunbabu__r,teddy.darlz,teddy.darlz
aditya6174aditya,divya_ravi17,divya_ravi17
darknight_emperour,arunbabu__r,arunbabu__r
ahamed_20_,aditya6174aditya,aditya6174aditya
barathpreneur,darknight_emperour,darknight_emperour
3dmoonlamps2022,ahamed_20_,ahamed_20_
__preethi_reddy11,barathpreneur,barathpreneur
itzz.dasanandini,3dmoonlamps2022,3dmoonlamps2022
thanniruyashasvini,__preethi_reddy11,__preethi_reddy11
_dolly_dolphin_12,itzz.dasanandini,itzz.dasanandini
srivathsan_raman,thanniruyashasvini,thanniruyashasvini
_.santhosh_____,_dolly_dolphin_12,_dolly_dolphin_12
gaitriee.ibe,srivathsan_raman,srivathsan_raman
coding.bpi,_.santhosh_____,_.santhosh_____
ramm.___26,gaitriee.ibe,gaitriee.ibe
im_monishh.___,coding.bpi,coding.bpi
akash_0226_,iam____ramm,iam____ramm
_.dhipc._,im_monishh.___,im_monishh.___
pavithran__07,akash_0226_,akash_0226_
muhil_loopz_fizziee,_.dhipc._,_.dhipc._
kanishka_jayaprakash,pavithran__07,pavithran__07
kaavi_12x2,muhil_loopz_fizziee,muhil_loopz_fizziee
___.thrissa,kanishka_jayaprakash,kanishka_jayaprakash
delfihnalawrence,kaavi_12x2,kaavi_12x2
ciasbian,___.thrissa,___.thrissa
hemas_desk,delfihnalawrence,delfihnalawrence
rock_rajesh_47,ciasbian,ciasbian
gau_zz_xx,hemas_desk,hemas_desk
t_r_e_n_d_i_n_g_b_o_y1,rock_rajesh_47,rock_rajesh_47
priyandhanus,gau_zz_xx,gau_zz_xx
hema.s._official,t_r_e_n_d_i_n_g_b_o_y1,t_r_e_n_d_i_n_g_b_o_y1
mad_boy_kishore22,priyandhanus,priyandhanus
eron_techno_solutions,hema.s._official,hema.s._official
_harsh.a_,mad_boy_kishore22,mad_boy_kishore22
_.suruthi_._,eron_techno_solutions,eron_techno_solutions
vaseraja2205,_harsh.a_,_harsh.a_
_thiru1203,_.suruthi_._,_.suruthi_._
imbhoomika_,vaseraja2205,vaseraja2205
__pika_chu__18,_thiru1203,_thiru1203
_ll_.madhu._ll_,imbhoomika_,imbhoomika_
thultamil7435,__pika_chu__18,__pika_chu__18
merimasterz520,thultamil7435,thultamil7435
pisces__ig,merimasterz520,merimasterz520
sriganeshsivakumar,pisces__ig,pisces__ig
shakthivikashini,sriganeshsivakumar,sriganeshsivakumar
the_power_of_troop_,shakthivikashini,shakthivikashini
_surya_d_,the_power_of_troop_,the_power_of_troop_
poorni_muthusamy,_surya_d_,_surya_d_
a_s_1113002,poorni_muthusamy,poorni_muthusamy
subash_kannan_745,a_s_1113002,a_s_1113002
_ms_._me_,subash_kannan_745,subash_kannan_745
_aishu_the_queen__,_ms_._me_,_ms_._me_
thani_oruvanmemes,_aishu_the_queen__,_aishu_the_queen__
_______iharipriya____,thani_oruvanmemes,thani_oruvanmemes
r_shine_tiny,_______iharipriya____,_______iharipriya____
_rithu_anu,r_shine_tiny,r_shine_tiny
sriram_.pvt,_rithu_anu,_rithu_anu
mystical_delusion07,mystical_delusion07,mystical_delusion07
_.divi._.teddy._,_.divi._.teddy._,_.divi._.teddy._
_.jeevitha.s_,_.jeevitha.s_,_.jeevitha.s_
shyam_sharmii,shyam_sharmii,shyam_sharmii
tweety_nivi,tweety_nivi,tweety_nivi
akshaya_.manickam,akshaya_.manickam,akshaya_.manickam
lucky__lad__jeevi,lucky__lad__jeevi,lucky__lad__jeevi
extremelysorrydn,extremelysorrydn,extremelysorrydn
chanchandru_123,chanchandru_123,chanchandru_123
sree__0810,sree__0810,sree__0810
_mr_never_give_up,_mr_never_give_up,_mr_never_give_up
_nira_08_,_nira_08_,_nira_08_
na__v___in,na__v___in,na__v___in
aashika_0507,aashika_0507,aashika_0507
_sudesh_.28,_sudesh_.28,_sudesh_.28
_karthik_rajini_,_karthik_rajini_,_karthik_rajini_
_2_.v_t,_2_.v_t,_2_.v_t
devika__suguthan,devika__suguthan,devika__suguthan
__.kamalika.__,__.kamalika.__,__.kamalika.__
narmadha_jayasankar,narmadha_jayasankar,narmadha_jayasankar
_._mini16_,_._mini16_,_._mini16_
sathiyaveena,sathiyaveena,sathiyaveena
_.ramya._13,_.ramya._13,_.ramya._13
priyanga.___,priyanga.___,priyanga.___
ishu_srinivasan_02,ishu_srinivasan_02,ishu_srinivasan_02
anusuya_palanisamy,anusuya_palanisamy,anusuya_palanisamy
nandini_ramamurthi,nandini_ramamurthi,nandini_ramamurthi
delfihna_lawrence,delfihna_lawrence,delfihna_lawrence
_.abinivesh._,_.abinivesh._,_.abinivesh._
_sruthi.shakthi_,_sruthi.shakthi_,_sruthi.shakthi_
dhivyaprabha_shanmugasundaram,dhivyaprabha_shanmugasundaram,dhivyaprabha_shanmugasundaram
_itzme_keeks_,_itzme_keeks_34,_itzme_keeks_34
abisha.kannan,my__teja____,my__teja____
my__teja____,teja_bittu_king,teja_bittu_king
teja_bittu_king,black_crush_,black_crush_
black_crush_,dhakshu__26,dhakshu__26
dhakshu__26,random_meme_boyy,random_meme_boyy
random_meme_boyy,venkat.sunder,venkat.sunder
venkat.sunder,ashtolit_5328,ashtolit_5328
mac_5328,dinesh_sundar11,dinesh_sundar11
dinesh_sundar11,paviii14,paviii14
paviii14,_.dheexhu._,_.dheexhu._
_.dheexhu._,saanjuvarun,saanjuvarun
saanjuvarun,ri_tika_._,ri_tika_._
ri_tika_._,jerry_papa23,jerry_papa23
jerry_papa23,_.gayathri.__.18,_.gayathri.__.18
_.gayathri.__.18,sanjavi_selvaraj,sanjavi_selvaraj
sanjavi_selvaraj,guruteja470,guruteja470
guruteja470,sakthiswaranlingam,sakthiswaranlingam
sakthiswaranlingam,wanderwithnikonofficial,wanderwithnikonofficial
wanderwithnikonofficial,sudhesh_07_06,sudhesh_07_06
sudhesh_07_06,dhakshina_moorthy_21,dhakshina_moorthy_21
dhakshina_moorthy_21,_jan_ani_20,_jan_ani_20
_jan_ani_20,hela__11__,hela__11__
hela__11__,im___manoj_____,im___manoj_____
im___manoj_____,_skulltown_gaming_,_skulltown_gaming_
_skulltown_gaming_,maha_music_luvr,maha_music_luvr
maha_music_luvr,itssujith_,itssujith_
itssujith_,bharath.mk_,bharath.mk_
bharath.mk_,vignesh._.devaraj,vignesh._.devaraj
vignesh._.devaraj,mesmarized_soul,mesmarized_soul
mesmarized_soul,queen_of_myself______,queen_of_myself______
queen_of_myself______,im._dilip_.26,im._dilip_.26
im._dilip_.26,_k_a_r_u_s_h_18,_k_a_r_u_s_h_18
_k_a_r_u_s_h_18,_yogessh._,_yogessh._
_yogessh._,guessmyname_02,guessmyname_02
guessmyname_02,kiranbabu07,kiranbabu07
kiranbabu07,lathiesh_mahendran,lathiesh_mahendran
lathiesh_mahendran,mr_enigmatic_soul,mr_enigmatic_soul
mr_enigmatic_soul,_guna_surya,_guna_surya
_guna_surya,__tejas23__,__tejas23__
__tejas23__,_roshx_27,_roshx_27
_roshx_27,m_a_h_i_smk,m_a_h_i_smk
m_a_h_i_smk,_.arif.a.__,_.arif.a.__
_.arif.a.__,dimple_queen_pappu,dimple_queen_pappu
dimple_queen_pappu,nandini_ramamurthi,ns_lover_srini
ns_lover_srini,delfihna_lawrence,____naveen__.__
____naveen__.__,_.abinivesh._,__.chocoboy_
__.chocoboy_,_sruthi.shakthi_,_ghuru_.07
_ghuru_.07,dhivyaprabha_shanmugasundaram,__midun_
__midun_,_itzme_keeks_34,blesson__daniel
blesson__daniel,my__teja____,_vicky_popzz_
_vicky_popzz_,teja_bittu_king,vinuta6
vinuta6,black_crush_,deepikasrinivasan_743
deepikasrinivasan_743,dhakshu__26,s.idhu26
s.idhu26,random_meme_boyy,__.__dark_devil__.__
__.__dark_devil__.__,venkat.sunder,r_s_s_24
r_s_s_24,ashtolit_5328,inga_na_orae_busy
inga_na_orae_busy,dinesh_sundar11,______.vijay._____
______.vijay._____,paviii14,r_s_s_.24
r_s_s_.24,_.dheexhu._,_sharun_23
_sharun_23,saanjuvarun,they_call_media
they_call_media,ri_tika_._,mary_a3306
mary_a3306,jerry_papa23,giza0644
giza0644,_.gayathri.__.18,_.irah008
_.irah008,sanjavi_selvaraj,ess_elfonight
ess_elfonight,guruteja470,boomiga7
boomiga7,sakthiswaranlingam,sujitha._._
sujitha._._,wanderwithnikonofficial,_lolitty_cutie
_lolitty_cutie,sudhesh_07_06,skylarkenterprises0405
skylarkenterprises0405,dhakshina_moorthy_21,_.abinesh.__.07
_.abinesh.__.07,_jan_ani_20,gpiner
gpiner,hela__11__,____aswin._._
____aswin._._,im___manoj_____,_.aalvijohn._
_.aalvijohn._,_skulltown_gaming_,rollno.21__12a
rollno.21__12a,maha_music_luvr,suriyad44
suriyad44,itssujith_,issacpranesh
issacpranesh,bharath.mk_,_jothish_11
_jothish_11,vignesh._.devaraj,_sathya_strange_
_sathya_strange_,mesmarized_soul,gaya3_1410
gaya3_1410,queen_of_myself______,mr_technowizard
mr_technowizard,im._dilip_.26,tamilarasan.__
tamilarasan.__,_k_a_r_u_s_h_18,speed_dh_007
speed_dh_007,_yogessh._,vasanth_0003____
vasanth_0003____,guessmyname_02,_.b_.a_.v_.i_
_.b_.a_.v_.i_,kiranbabu07,harish_sai.03
harish_sai.03,lathiesh_mahendran,anila_anu_
anila_anu_,mr_enigmatic_soul,_vishnu.12_
_vishnu.12_,_guna_surya,meghan_09_
meghan_09_,__tejas23__,_nagu_laksh
_nagu_laksh,_roshx_27,itzz_nathizz
itzz_nathizz,m_a_h_i_smk,__syxd_irfan
__syxd_irfan,_.arif.a.__,thaver_posumpone1312
thaver_posumpone1312,dimple_queen_pappu,sujay8840
sujay8840,ns_lover_srini,ashvadith
ashvadith,____naveen__.__,maha_music_luver
maha_music_luver,__.chocoboy_,mutha4005
mutha4005,_ghuru_.07,yoyo_loser
yoyo_loser,__midun_,jagadees.792
jagadees.792,blesson__daniel,nithish.1007
nithish.1007,_vicky_popzz_,jai_seenu06
jai_seenu06,vinuta6,shuruthi_mohan
shuruthi_mohan,deepikasrinivasan_743,_.amirtha_krishnamurthy._
_.amirtha_krishnamurthy._,s.idhu26,_._keerthu_._5
_._keerthu_._5,__.__dark_devil__.__,captain_prabhaakar
captain_prabhaakar,r_s_s_24,_innocent_sanjay_
_innocent_sanjay_,inga_na_orae_busy,seizing_dream
seizing_dream,______.vijay._____,thulasiraja2913
thulasiraja2913,r_s_s_.24,anuchanth_64
anuchanth_64,_sharun_23,jaisurya_cfc
jaisurya_cfc,they_call_media,sham_roshan_rd
sham_roshan_rd,mary_a3306,mahithaponnuswamy
mahithaponnuswamy,giza0644,gowtham_.kumar._
gowtham_.kumar._,_.irah008,shamroshan_r
shamroshan_r,ess_elfonight,gokul_br
gokul_br,boomiga7,tharanihiphop
tharanihiphop,sujitha._._,dhakshitha_ganesan
dhakshitha_ganesan,_lolitty_cutie,_stucked_on_art_
_stucked_on_art_,skylarkenterprises0405,shahi_sd7
shahi_sd7,_.abinesh.__.07,mr_ns_pilot_______
mr_ns_pilot_______,gpiner,sabari._.shhh
sabari._.shhh,____aswin._._,iamsurya_v
iamsurya_v,_.aalvijohn._,shanmugapriya_23
shanmugapriya_23,rollno.21__12a,scad_juniors
scad_juniors,suriyad44,s___iddharth_
s___iddharth_,issacpranesh,joshva_nesakumar07_official
joshva_nesakumar07_official,_jothish_11,_sujithsingh_
_sujithsingh_,_sathya_strange_,pillars_of_vmhss
pillars_of_vmhss,gaya3_1410,svgv_models
svgv_models,mr_technowizard,arsath564
arsath564,tamilarasan.__,vmhss_model._
vmhss_model._,speed_dh_007,_.dhivxz.___
_.dhivxz.___,vasanth_0003____,_self__hater__
_self__hater__,_.b_.a_.v_.i_,madhiyazhakan__0419
madhiyazhakan__0419,harish_sai.03,navi_gamer_
navi_gamer_,anila_anu_,laughing_zoker.14
laughing_zoker.14,_vishnu.12_,surlie7
surlie7,meghan_09_,3_idiots_da
3_idiots_da,_nagu_laksh,arun_ramu_
arun_ramu_,itzz_nathizz,dreamy_boy_01_
dreamy_boy_01_,__syxd_irfan,_crazzy_kanmani_
_crazzy_kanmani_,thaver_posumpone1312,_lo_vely_.__
_lo_vely_.__,sujay8840,_arun_sidd_
_arun_sidd_,ashvadith,houdhulaalam
houdhulaalam,maha_music_luver,surya_30_03
surya_30_03,mutha4005,_suran___01
_suran___01,yoyo_loser,mr_self_sacrifiser_2
mr_self_sacrifiser_2,jagadees.792,msg.educator
msg.educator,nithish.1007,itz_jee07
itz_jee07,jai_seenu06,crazy_siyam
crazy_siyam,shuruthi_mohan,inter_pol___67
inter_pol___67,_.amirtha_krishnamurthy._,nothing_bad07
nothing_bad07,_._keerthu_._5,little_princess_of_dad_4
little_princess_of_dad_4,captain_prabhaakar,_niranjana_210_
_niranjana_210_,_innocent_sanjay_,akshayaeaswaran
akshayaeaswaran,seizing_dream,throttletwister_
throttletwister_,thulasiraja2913,__rock_star_official__
__rock_star_official__,anuchanth_64,s.sachin_raja
s.sachin_raja,jaisurya_cfc,sri._.hari___
sri._.hari___,sham_roshan_rd,_nxczu_
_nxczu_,mahithaponnuswamy,jai_dhanush_03
jai_dhanush_03,gowtham_.kumar._,im._.abi_
im._.abi_,shamroshan_r,yxg.___
yxg.___,gokul_br,9394.ajay
9394.ajay,tharanihiphop,chitth_10
chitth_10,dhakshitha_ganesan,karush1871
karush1871,_stucked_on_art_,mohamedadham83
mohamedadham83,shahi_sd7,jaisurya394
jaisurya394,mr_ns_pilot_______,arunk_utty
arunk_utty,sabari._.shhh,__h_a_r_i__1707__
__h_a_r_i__1707__,iamsurya_v,abbas_abbu_as
abbas_abbu_as,shanmugapriya_23,being_lonely64
being_lonely64,scad_juniors,selvam7670
selvam7670,s___iddharth_,sanjayms2345
sanjayms2345,joshva_nesakumar07_official,wander__boyy
wander__boyy,_sujithsingh_,nandhu_chellam_
nandhu_chellam_,pillars_of_vmhss,_saravanan_97978
_saravanan_97978,svgv_models,_raaj.endran_
_raaj.endran_,arsath564,susmitha_vasudevan_
susmitha_vasudevan_,vmhss_model._,mohankongu_
mohankongu_,_.dhivxz.___,_linisha_nagaraj
_linisha_nagaraj,_self__hater__,frootygirl_jk
frootygirl_jk,madhiyazhakan__0419,arjungowda947
arjungowda947,navi_gamer_,kid_of_jesu
kid_of_jesu,laughing_zoker.14,aswanth304
aswanth304,surlie7,me__vishnuc
me__vishnuc,3_idiots_da,_life_has_to_move_on_
_life_has_to_move_on_,arun_ramu_,thrissa7
thrissa7,dreamy_boy_01_,shahid_nadaf07
shahid_nadaf07,_crazzy_kanmani_,abinesh_0110
abinesh_0110,_lo_vely_.__,abi_gowda_abi_gowda_s
abi_gowda_abi_gowda_s,_arun_sidd_,nitheesh007x
nitheesh007x,ns_lover_srini,rajaraja24497
rajaraja24497,____naveen__.__,vsarp5
vsarp5,__.chocoboy_,neeraj_kumar_prajapati_000
neeraj_kumar_prajapati_000,_ghuru_.07,mohamed_dharvesh_6
mohamed_dharvesh_6,__midun_,krithick.krithick.9400984
krithick.krithick.9400984,blesson__daniel,nithies__nm
nithies__nm,_vicky_popzz_,akashfamous
akashfamous,vinuta6,_abi_sk_001
_abi_sk_001,deepikasrinivasan_743,arjungowda862
arjungowda862,s.idhu26,_.abishek.____
_.abishek.____,__.__dark_devil__.__,dhashnudhoni
dhashnudhoni,r_s_s_24,floating_heart_1205
floating_heart_1205,inga_na_orae_busy,roobash._.13
roobash._.13,______.vijay._____,v_i_d_h_u_b_a_r_a_n
v_i_d_h_u_b_a_r_a_n,r_s_s_.24,sharan.04_
sharan.04_,_sharun_23,ragul_r_u
ragul_r_u,they_call_media,imnaveenpaul
imnaveenpaul,mary_a3306,heyy.subhash_
heyy.subhash_,giza0644,kousalya_bks
kousalya_bks,_.irah008,surya_fanclub_
surya_fanclub_,ess_elfonight,__me__7278
__me__7278,boomiga7,vishnu__bharathi
vishnu__bharathi,sujitha._._,jeeva_santhosh_07
jeeva_santhosh_07,_lolitty_cutie,karthik_kulandhaivel
karthik_kulandhaivel,skylarkenterprises0405,mad_in_tech
mad_in_tech,_.abinesh.__.07,smileysennu
smileysennu,gpiner,ashrafali7959
ashrafali7959,____aswin._._,rajappanannur
rajappanannur,_.aalvijohn._,joju.pv.9
joju.pv.9,rollno.21__12a,sadhubabusadhubabu
sadhubabusadhubabu,suriyad44,kathiraravinth
kathiraravinth,issacpranesh,senthil_kumaran01
senthil_kumaran01,_jothish_11,navinnavin2006
navinnavin2006,_sathya_strange_,iamkarthik_11
iamkarthik_11,gaya3_1410,jamshadkazaq
jamshadkazaq,mr_technowizard,sirumugai.siva
sirumugai.siva,tamilarasan.__,kanaga430
kanaga430,speed_dh_007,rthiyagarajansalem57
rthiyagarajansalem57,vasanth_0003____,srikanth7758
srikanth7758,_.b_.a_.v_.i_,sadiya3182
sadiya3182,harish_sai.03,harisiva1468
harisiva1468,anila_anu_,sateesh.satheesh.33
sateesh.satheesh.33,_vishnu.12_,subramaniyanranjith007
subramaniyanranjith007,meghan_09_,vasanthamani1321
vasanthamani1321,_nagu_laksh,rajeshkumar.palanisamy
rajeshkumar.palanisamy,itzz_nathizz,thalapathidass
thalapathidass,__syxd_irfan,rithiktroshan12345
rithiktroshan12345,thaver_posumpone1312,sreebalajienterprises666
sreebalajienterprises666,houdhulaalam,muhammedshakeel3866
muhammedshakeel3866,surya_30_03,pvyuvaraj
pvyuvaraj,_suran___01,_.karikalan._
_.karikalan._,mr_self_sacrifiser_2,surya_30_03
sathish151555,msg.educator,_suran___01
pradeepraj.arul,itz_jee07,mr_self_sacrifiser_2
senthhil,crazy_siyam,msg.educator
kesavan_keep_smiling_k7,inter_pol___67,itz_jee07
subramanitk,nothing_bad07,crazy_siyam
sharukh2692,little_princess_of_dad_4,inter_pol___67
_ackak,_niranjana_210_,nothing_bad07
sivakumar8364,akshayaeaswaran,little_princess_of_dad_4
yaseen836,throttletwister_,_niranjana_210_
sr_ee_pa_th_i,__rock_star_official__,akshayaeaswaran
sanjanasanjanavijayakumar,s.sachin_raja,throttletwister_
baranimarusamy,sri._.hari___,__rock_star_official__
sivamp1993,_nxczu_,s.sachin_raja
kumarmathi555,jai_dhanush_03,sri._.hari___
subashchandranbjp,im._.abi_,_nxczu_
sadhubabuatmtp,yxg.___,jai_dhanush_03
gandhi_mgd,9394.ajay,im._.abi_
sundararajanitc,chitth_10,yxg.___
prasanth_navaneethian,karush1871,9394.ajay
sivasaran2106,mohamedadham83,chitth_10
ramasamysundararaja,jaisurya394,karush1871
suresh.0756,arunk_utty,mohamedadham83
subithnaughty,__h_a_r_i__1707__,jaisurya394
jingleprasanth,abbas_abbu_as,arunk_utty
mahalingammarudhamuthu,being_lonely64,__h_a_r_i__1707__
sriramraja777,selvam7670,abbas_abbu_as
esakkimuthu.muthu.77,sanjayms2345,being_lonely64
sadhu_dexter,wander__boyy,selvam7670
maharoshan,nandhu_chellam_,sanjayms2345
knadham_,_saravanan_97978,wander__boyy
maheshkumar3299,_raaj.endran_,nandhu_chellam_
karthik.saravana,susmitha_vasudevan_,_saravanan_97978
sindhuyuvaraj,mohankongu_,_raaj.endran_
mahendran4852,_linisha_nagaraj,
ananthianathimoolam,frootygirl_jk,
,arjungowda947,